{
	"join": "LEFT",
	"renderAs": {
		"detail": {
			"control": "text",
			"class": "sysstring",
			"identifier": "",
			"disabled": true,
			"length": "50"
		},
		"edit": {
			"control": "menu",
			"class": "sysstring",
			"identifier": "",
			"length": "50"
		},
		"list": {
			"dataPriority": 2,
			"control": "text",
			"class": "sysstring",
			"identifier": "",
			"length": "50"
		},
		"new": {
			"control": "menu",
			"identifier": "",
			"class": "menu80",
			"length": "50"
		}
	},
	"default": "{auto}",
	"defaults": {
		"G1": "{auto}"
	}
}