{"id":{"type":"primary","stereotype":"primitive","renderAs":{"detail":{"control":"textbox","display":false},"list":{"control":"text","display":false},"edit":{"control":"hidden","display":true},"new":{"control":"textbox","display":false}}},"c_ts":{"type":"timestamp","label":"erstellt","stereotype":"primitive","display":"true","validation":"string","renderAs":{"detail":{"disabled":true,"readonly":true,"display":"true","mode":"general","control":"text","class":"sysDate"},"list":{"dataPriority":1,"disabled":true,"readonly":true,"display":"","mode":"table","control":"text","class":"sysDate"},"edit":{"disabled":true,"readonly":true,"display":"false","mode":"general","control":"textbox","class":"sysDate"},"new":{"disabled":true,"readonly":true,"display":"false","mode":"general","control":"textbox","class":"sysDate"}},"textformat":"d.m.Y H:i:s","format":"d.m.Y H:i:s"},"m_ts":{"type":"timestamp","label":"geändert","stereotype":"primitive","display":"true","validation":"string","renderAs":{"detail":{"disabled":"true","readonly":true,"display":"","mode":"general","control":"text","class":"sysDate"},"list":{"dataPriority":1,"disabled":true,"readonly":true,"display":"","mode":"table","control":"text","class":"sysDate"},"edit":{"disabled":true,"readonly":true,"display":"false","mode":"general","control":"textbox","class":"sysDate"},"new":{"disabled":true,"readonly":true,"display":false,"mode":"general","control":"textbox","class":"sysDate"}},"textformat":"d.m.Y H:i:s","format":"d.m.Y H:i:s"},"identifier":{"type":"string","label":"@class","stereotype":"primitive","display":"true","validation":"string","renderAs":{"detail":{"disabled":true,"readonly":true,"display":true,"mode":"general","control":"text","class":"sysstring","maxlength":"50"},"list":{"dataPriority":2,"disabled":false,"readonly":true,"display":true,"mode":"table","control":"text","class":"sysstring","maxlength":"50"},"edit":{"disabled":false,"readonly":false,"display":"true","mode":"general","control":"textbox","class":"sysstring","maxlength":"50"},"new":{"disabled":false,"readonly":false,"display":true,"mode":"general","control":"textbox","class":"sysstring","maxlength":"50"}}},"literal":{"type":"string","label":"Literal","stereotype":"primitive","display":"true","validation":"string","renderAs":{"detail":{"disabled":true,"readonly":true,"display":true,"mode":"general","control":"text","class":"sysstring","maxlength":"50"},"list":{"dataPriority":2,"disabled":false,"readonly":true,"display":true,"mode":"table","control":"text","class":"sysstring","maxlength":"50"},"edit":{"disabled":false,"readonly":false,"display":true,"mode":"general","control":"textbox","class":"sysstring","maxlength":"50"},"new":{"disabled":false,"readonly":false,"display":true,"mode":"general","control":"textbox","class":"sysstring","maxlength":"50"}}}}