{"id":{"type":"primary","stereotype":"primitive","renderAs":{"detail":{"control":"textbox","display":false},"list":{"control":"text","display":false},"edit":{"control":"hidden","display":true},"new":{"control":"textbox","display":false}}},"c_ts":{"type":"timestamp","label":"erstellt","stereotype":"primitive","display":"true","validation":"string","renderAs":{"detail":{"disabled":true,"readonly":true,"display":"true","mode":"general","control":"text","class":"sysDate"},"list":{"dataPriority":1,"disabled":true,"readonly":true,"display":"","mode":"table","control":"text","class":"sysDate"},"edit":{"disabled":true,"readonly":true,"display":"false","mode":"general","control":"textbox","class":"sysDate"},"new":{"disabled":true,"readonly":true,"display":"false","mode":"general","control":"textbox","class":"sysDate"}},"textformat":"d.m.Y H:i:s","format":"d.m.Y H:i:s"},"m_ts":{"type":"timestamp","label":"geändert","stereotype":"primitive","display":"true","validation":"string","renderAs":{"detail":{"disabled":"true","readonly":true,"display":"","mode":"general","control":"text","class":"sysDate"},"list":{"dataPriority":1,"disabled":true,"readonly":true,"display":"","mode":"table","control":"text","class":"sysDate"},"edit":{"disabled":true,"readonly":true,"display":"false","mode":"general","control":"textbox","class":"sysDate"},"new":{"disabled":true,"readonly":true,"display":false,"mode":"general","control":"textbox","class":"sysDate"}},"textformat":"d.m.Y H:i:s","format":"d.m.Y H:i:s"},"identifier":{"type":"string","label":"@class","stereotype":"primitive","display":"true","validation":"string","renderAs":{"detail":{"disabled":true,"readonly":true,"display":true,"mode":"general","control":"text","class":"sysstring","maxlength":"50"},"list":{"dataPriority":2,"disabled":false,"readonly":true,"display":true,"mode":"table","control":"text","class":"sysstring","maxlength":"50"},"edit":{"disabled":false,"readonly":false,"display":"true","mode":"general","control":"textbox","class":"sysstring","maxlength":"50"},"new":{"disabled":false,"readonly":false,"display":true,"mode":"general","control":"textbox","class":"sysstring","maxlength":"50"}}},"created_id":{"type":"foreign","label":"Created_id","stereotype":"primitive","display":"true","validation":"string","renderAs":{"detail":{"disabled":true,"readonly":false,"display":false,"mode":"general","control":"textbox"},"list":{"dataPriority":2,"disabled":false,"readonly":false,"display":false,"mode":"table","control":"text"},"edit":{"disabled":false,"readonly":false,"display":false,"mode":"general","control":"textbox"},"new":{"disabled":false,"readonly":false,"display":false,"mode":"general","control":"textbox"}}},"modified_id":{"type":"foreign","label":"Modified_id","stereotype":"primitive","display":"true","validation":"string","renderAs":{"detail":{"disabled":true,"readonly":false,"display":false,"mode":"general","control":"textbox"},"list":{"dataPriority":2,"disabled":false,"readonly":false,"display":false,"mode":"table","control":"text"},"edit":{"disabled":false,"readonly":false,"display":false,"mode":"general","control":"textbox"},"new":{"disabled":false,"readonly":false,"display":false,"mode":"general","control":"textbox"}}},"owner_id":{"type":"foreign","label":"Owner_id","stereotype":"primitive","display":"true","validation":"string","renderAs":{"detail":{"disabled":true,"readonly":false,"display":false,"mode":"general","control":"textbox"},"list":{"dataPriority":2,"disabled":false,"readonly":false,"display":false,"mode":"table","control":"text"},"edit":{"disabled":false,"readonly":false,"display":false,"mode":"general","control":"textbox"},"new":{"disabled":false,"readonly":false,"display":false,"mode":"general","control":"textbox"}}},"Geschlecht":{"type":"GeschlechtT","stereotype":"enumeration","classAlias":"GeschlechtT0","label":"Geschlecht","renderAs":{"detail":{"control":"text","class":"sysstring","disabled":"1","length":"50","options":{"key":"id","literal":"literal","default":"Geschlecht","data":"Geschlecht"}},"edit":{"options":{"key":"id","literal":"literal","default":"Geschlecht","data":"Geschlecht"},"control":"menu","class":"sysstring","length":"50"},"list":{"dataPriority":"2","options":{"key":"id","literal":"literal","default":"Geschlecht","data":"Geschlecht"},"control":"text","class":"sysstring","length":"50"},"new":{"control":"menu","options":{"key":"id","literal":"literal","default":"Geschlecht","data":"Geschlecht"},"class":"sysstring","length":"50"}}},"Alter":{"type":"string","label":"Alter","stereotype":"primitive","display":"true","validation":"string","renderAs":{"detail":{"disabled":true,"readonly":true,"display":true,"mode":"general","control":"text","class":"sysstring","maxlength":"50"},"list":{"dataPriority":2,"disabled":false,"readonly":true,"display":true,"mode":"table","control":"text","class":"sysstring","maxlength":"50"},"edit":{"disabled":false,"readonly":false,"display":true,"mode":"general","control":"textbox","class":"sysstring","maxlength":"50"},"new":{"disabled":false,"readonly":false,"display":true,"mode":"general","control":"textbox","class":"sysstring","maxlength":"50"}}},"Bestaetigung":{"type":"BestaetigungT","stereotype":"enumeration","classAlias":"BestaetigungT1","label":"Bestaetigung","renderAs":{"detail":{"control":"text","class":"sysstring","disabled":"1","length":"50","options":{"key":"id","literal":"literal","default":"Bestaetigung","data":"Bestaetigung"}},"edit":{"options":{"key":"id","literal":"literal","default":"Bestaetigung","data":"Bestaetigung"},"control":"menu","class":"sysstring","length":"50"},"list":{"dataPriority":"2","options":{"key":"id","literal":"literal","default":"Bestaetigung","data":"Bestaetigung"},"control":"text","class":"sysstring","length":"50"},"new":{"control":"menu","options":{"key":"id","literal":"literal","default":"Bestaetigung","data":"Bestaetigung"},"class":"sysstring","length":"50"}}},"Bruttozeit":{"type":"time","label":"Bruttozeit","stereotype":"primitive","display":"true","validation":"string","renderAs":{"detail":{"disabled":true,"readonly":true,"display":true,"mode":"general","control":"text","class":"sysdate"},"list":{"dataPriority":2,"disabled":false,"readonly":true,"display":true,"mode":"table","control":"text","class":"sysdate"},"edit":{"disabled":false,"readonly":false,"display":true,"mode":"general","control":"time","class":"sysdate"},"new":{"disabled":false,"readonly":false,"display":true,"mode":"general","control":"time","class":"sysdate"}},"textformat":"d.m.Y"},"Nettozeit":{"type":"time","label":"Nettozeit","stereotype":"primitive","display":"true","validation":"string","renderAs":{"detail":{"disabled":true,"readonly":true,"display":true,"mode":"general","control":"text","class":"sysdate"},"list":{"dataPriority":2,"disabled":false,"readonly":true,"display":true,"mode":"table","control":"text","class":"sysdate"},"edit":{"disabled":false,"readonly":false,"display":true,"mode":"general","control":"time","class":"sysdate"},"new":{"disabled":false,"readonly":false,"display":true,"mode":"general","control":"time","class":"sysdate"}},"textformat":"d.m.Y"},"Altersklasse":{"type":"AltersklasseT","stereotype":"enumeration","classAlias":"AltersklasseT2","label":"Altersklasse","renderAs":{"detail":{"control":"text","class":"sysstring","disabled":"1","length":"50","options":{"key":"id","literal":"literal","default":"Altersklasse","data":"Altersklasse"}},"edit":{"options":{"key":"id","literal":"literal","default":"Altersklasse","data":"Altersklasse"},"control":"menu","class":"sysstring","length":"50"},"list":{"dataPriority":"2","options":{"key":"id","literal":"literal","default":"Altersklasse","data":"Altersklasse"},"control":"text","class":"sysstring","length":"50"},"new":{"control":"menu","options":{"key":"id","literal":"literal","default":"Altersklasse","data":"Altersklasse"},"class":"sysstring","length":"50"}}},"Info":{"type":"PersonT","stereotype":"structure","group":"true","label":"Info"},"Ort":{"type":"OrtsangabeT","stereotype":"structure","group":"true","label":"Ort"},"Bankdaten":{"type":"BankdatenT","stereotype":"structure","group":"true","label":"Bankdaten"},"_Lauf":{"type":"foreign","stereotype":"relation","class":"Lauf","classAlias":"Lauf","renderAs":{"edit":{"required":"true","control":"menu","disabled":"","readonly":"","display":"1","class":"sysstring","identifier":"","length":"50"},"new":{"required":"true","control":"menu","disabled":"","readonly":"","display":"1","identifier":"","class":"menu80","length":"50"},"detail":{"control":"text","disabled":"1","readonly":"","display":"1","class":"sysstring","identifier":"","length":"50"},"list":{"control":"text","disabled":"","readonly":"","display":"1","dataPriority":"2","class":"sysstring","identifier":"","length":"50"}},"join":"INNER","display":"true","validation":"string","default":"{auto}","defaults":{"G1":"{auto}"},"label":"->Lauf"},"Geschlecht_literal":{"type":"string","label":"@attribute","stereotype":"primitive","display":"true","validation":"string","renderAs":{"detail":{"disabled":true,"readonly":true,"display":true,"mode":"general","control":"text","class":"sysstring","maxlength":"50"},"list":{"dataPriority":2,"disabled":false,"readonly":true,"display":true,"mode":"table","control":"text","class":"sysstring","maxlength":"50"},"edit":{"disabled":false,"readonly":false,"display":true,"mode":"general","control":"textbox","class":"sysstring","maxlength":"50"},"new":{"disabled":false,"readonly":false,"display":true,"mode":"general","control":"textbox","class":"sysstring","maxlength":"50"}}},"Bestaetigung_literal":{"type":"string","label":"@attribute","stereotype":"primitive","display":"true","validation":"string","renderAs":{"detail":{"disabled":true,"readonly":true,"display":true,"mode":"general","control":"text","class":"sysstring","maxlength":"50"},"list":{"dataPriority":2,"disabled":false,"readonly":true,"display":true,"mode":"table","control":"text","class":"sysstring","maxlength":"50"},"edit":{"disabled":false,"readonly":false,"display":true,"mode":"general","control":"textbox","class":"sysstring","maxlength":"50"},"new":{"disabled":false,"readonly":false,"display":true,"mode":"general","control":"textbox","class":"sysstring","maxlength":"50"}}},"Altersklasse_literal":{"type":"string","label":"@attribute","stereotype":"primitive","display":"true","validation":"string","renderAs":{"detail":{"disabled":true,"readonly":true,"display":true,"mode":"general","control":"text","class":"sysstring","maxlength":"50"},"list":{"dataPriority":2,"disabled":false,"readonly":true,"display":true,"mode":"table","control":"text","class":"sysstring","maxlength":"50"},"edit":{"disabled":false,"readonly":false,"display":true,"mode":"general","control":"textbox","class":"sysstring","maxlength":"50"},"new":{"disabled":false,"readonly":false,"display":true,"mode":"general","control":"textbox","class":"sysstring","maxlength":"50"}}},"Info_Vorname":{"type":"string","label":"Vorname","stereotype":"primitive","display":"true","validation":"string","renderAs":{"detail":{"disabled":"1","readonly":"1","display":"1","mode":"general","control":"text","class":"sysstring","maxlength":"50"},"list":{"dataPriority":"2","disabled":"","readonly":"1","display":"1","mode":"table","control":"text","class":"sysstring","maxlength":"50"},"edit":{"disabled":"","readonly":"","display":"1","mode":"general","control":"textbox","class":"sysstring","maxlength":"50"},"new":{"disabled":"","readonly":"","display":"1","mode":"general","control":"textbox","class":"sysstring","maxlength":"50"}},"sysParent":"Info"},"Info_Nachname":{"type":"string","label":"Nachname","stereotype":"primitive","display":"true","validation":"string","renderAs":{"detail":{"disabled":"1","readonly":"1","display":"1","mode":"general","control":"text","class":"sysstring","maxlength":"50"},"list":{"dataPriority":"2","disabled":"","readonly":"1","display":"1","mode":"table","control":"text","class":"sysstring","maxlength":"50"},"edit":{"disabled":"","readonly":"","display":"1","mode":"general","control":"textbox","class":"sysstring","maxlength":"50"},"new":{"disabled":"","readonly":"","display":"1","mode":"general","control":"textbox","class":"sysstring","maxlength":"50"}},"sysParent":"Info"},"Info_Telefonnummer":{"type":"string","label":"Telefonnummer","stereotype":"primitive","display":"true","validation":"string","renderAs":{"detail":{"disabled":"1","readonly":"1","display":"1","mode":"general","control":"text","class":"sysstring","maxlength":"50"},"list":{"dataPriority":"2","disabled":"","readonly":"1","display":"1","mode":"table","control":"text","class":"sysstring","maxlength":"50"},"edit":{"disabled":"","readonly":"","display":"1","mode":"general","control":"textbox","class":"sysstring","maxlength":"50"},"new":{"disabled":"","readonly":"","display":"1","mode":"general","control":"textbox","class":"sysstring","maxlength":"50"}},"sysParent":"Info"},"Info_Email":{"type":"string","label":"Email","stereotype":"primitive","display":"true","validation":"string","renderAs":{"detail":{"disabled":"1","readonly":"1","display":"1","mode":"general","control":"text","class":"sysstring","maxlength":"50"},"list":{"dataPriority":"2","disabled":"","readonly":"1","display":"1","mode":"table","control":"text","class":"sysstring","maxlength":"50"},"edit":{"disabled":"","readonly":"","display":"1","mode":"general","control":"textbox","class":"sysstring","maxlength":"50"},"new":{"disabled":"","readonly":"","display":"1","mode":"general","control":"textbox","class":"sysstring","maxlength":"50"}},"sysParent":"Info"},"Ort_PLZ":{"type":"string","label":"PLZ","stereotype":"primitive","display":"true","validation":"string","renderAs":{"detail":{"disabled":"1","readonly":"1","display":"1","mode":"general","control":"text","class":"sysstring","maxlength":"50"},"list":{"dataPriority":"2","disabled":"","readonly":"1","display":"1","mode":"table","control":"text","class":"sysstring","maxlength":"50"},"edit":{"disabled":"","readonly":"","display":"1","mode":"general","control":"textbox","class":"sysstring","maxlength":"50"},"new":{"disabled":"","readonly":"","display":"1","mode":"general","control":"textbox","class":"sysstring","maxlength":"50"}},"sysParent":"Ort"},"Ort_Ort":{"type":"string","label":"Ort","stereotype":"primitive","display":"true","validation":"string","renderAs":{"detail":{"disabled":"1","readonly":"1","display":"1","mode":"general","control":"text","class":"sysstring","maxlength":"50"},"list":{"dataPriority":"2","disabled":"","readonly":"1","display":"1","mode":"table","control":"text","class":"sysstring","maxlength":"50"},"edit":{"disabled":"","readonly":"","display":"1","mode":"general","control":"textbox","class":"sysstring","maxlength":"50"},"new":{"disabled":"","readonly":"","display":"1","mode":"general","control":"textbox","class":"sysstring","maxlength":"50"}},"sysParent":"Ort"},"Ort_Strasse":{"type":"string","label":"Strasse","stereotype":"primitive","display":"true","validation":"string","renderAs":{"detail":{"disabled":"1","readonly":"1","display":"1","mode":"general","control":"text","class":"sysstring","maxlength":"50"},"list":{"dataPriority":"2","disabled":"","readonly":"1","display":"1","mode":"table","control":"text","class":"sysstring","maxlength":"50"},"edit":{"disabled":"","readonly":"","display":"1","mode":"general","control":"textbox","class":"sysstring","maxlength":"50"},"new":{"disabled":"","readonly":"","display":"1","mode":"general","control":"textbox","class":"sysstring","maxlength":"50"}},"sysParent":"Ort"},"Bankdaten_Vorname":{"type":"string","label":"Vorname","stereotype":"primitive","display":"true","validation":"string","renderAs":{"detail":{"disabled":"1","readonly":"1","display":"1","mode":"general","control":"text","class":"sysstring","maxlength":"50"},"list":{"dataPriority":"2","disabled":"","readonly":"1","display":"1","mode":"table","control":"text","class":"sysstring","maxlength":"50"},"edit":{"disabled":"","readonly":"","display":"1","mode":"general","control":"textbox","class":"sysstring","maxlength":"50"},"new":{"disabled":"","readonly":"","display":"1","mode":"general","control":"textbox","class":"sysstring","maxlength":"50"}},"sysParent":"Bankdaten"},"Bankdaten_Nachname":{"type":"string","label":"Nachname","stereotype":"primitive","display":"true","validation":"string","renderAs":{"detail":{"disabled":"1","readonly":"1","display":"1","mode":"general","control":"text","class":"sysstring","maxlength":"50"},"list":{"dataPriority":"2","disabled":"","readonly":"1","display":"1","mode":"table","control":"text","class":"sysstring","maxlength":"50"},"edit":{"disabled":"","readonly":"","display":"1","mode":"general","control":"textbox","class":"sysstring","maxlength":"50"},"new":{"disabled":"","readonly":"","display":"1","mode":"general","control":"textbox","class":"sysstring","maxlength":"50"}},"sysParent":"Bankdaten"},"Bankdaten_IBAN":{"type":"string","label":"IBAN","stereotype":"primitive","display":"true","validation":"string","renderAs":{"detail":{"disabled":"1","readonly":"1","display":"1","mode":"general","control":"text","class":"sysstring","maxlength":"50"},"list":{"dataPriority":"2","disabled":"","readonly":"1","display":"1","mode":"table","control":"text","class":"sysstring","maxlength":"50"},"edit":{"disabled":"","readonly":"","display":"1","mode":"general","control":"textbox","class":"sysstring","maxlength":"50"},"new":{"disabled":"","readonly":"","display":"1","mode":"general","control":"textbox","class":"sysstring","maxlength":"50"}},"sysParent":"Bankdaten"},"Bankdaten_BIC":{"type":"string","label":"BIC","stereotype":"primitive","display":"true","validation":"string","renderAs":{"detail":{"disabled":"1","readonly":"1","display":"1","mode":"general","control":"text","class":"sysstring","maxlength":"50"},"list":{"dataPriority":"2","disabled":"","readonly":"1","display":"1","mode":"table","control":"text","class":"sysstring","maxlength":"50"},"edit":{"disabled":"","readonly":"","display":"1","mode":"general","control":"textbox","class":"sysstring","maxlength":"50"},"new":{"disabled":"","readonly":"","display":"1","mode":"general","control":"textbox","class":"sysstring","maxlength":"50"}},"sysParent":"Bankdaten"},"_Lauf_identifier":{"type":"string","label":"->Lauf","stereotype":"primitive","display":"true","validation":"string","renderAs":{"detail":{"disabled":"1","readonly":"1","display":"1","mode":"general","control":"text","class":"sysstring","maxlength":"50"},"list":{"dataPriority":"2","disabled":"","readonly":"1","display":"1","mode":"table","control":"text","class":"sysstring","maxlength":"50"},"edit":{"disabled":"","readonly":"","display":"1","mode":"general","control":"textbox","class":"sysstring","maxlength":"50"},"new":{"disabled":"","readonly":"","display":"1","mode":"general","control":"textbox","class":"sysstring","maxlength":"50"}}}}