{"id":{"type":"primary","stereotype":"primitive","renderAs":{"detail":{"control":"textbox","display":false},"list":{"control":"text","display":false},"edit":{"control":"hidden","display":true},"new":{"control":"textbox","display":false}}},"c_ts":{"type":"timestamp","label":"erstellt","stereotype":"primitive","display":"true","validation":"string","renderAs":{"detail":{"disabled":true,"readonly":true,"display":"true","mode":"general","control":"text","class":"sysDate"},"list":{"dataPriority":1,"disabled":true,"readonly":true,"display":"","mode":"table","control":"text","class":"sysDate"},"edit":{"disabled":true,"readonly":true,"display":"false","mode":"general","control":"textbox","class":"sysDate"},"new":{"disabled":true,"readonly":true,"display":"false","mode":"general","control":"textbox","class":"sysDate"}},"textformat":"d.m.Y H:i:s","format":"d.m.Y H:i:s"},"m_ts":{"type":"timestamp","label":"geändert","stereotype":"primitive","display":"true","validation":"string","renderAs":{"detail":{"disabled":"true","readonly":true,"display":"","mode":"general","control":"text","class":"sysDate"},"list":{"dataPriority":1,"disabled":true,"readonly":true,"display":"","mode":"table","control":"text","class":"sysDate"},"edit":{"disabled":true,"readonly":true,"display":"false","mode":"general","control":"textbox","class":"sysDate"},"new":{"disabled":true,"readonly":true,"display":false,"mode":"general","control":"textbox","class":"sysDate"}},"textformat":"d.m.Y H:i:s","format":"d.m.Y H:i:s"},"identifier":{"type":"string","label":"@class","stereotype":"primitive","display":"true","validation":"string","renderAs":{"detail":{"disabled":true,"readonly":true,"display":true,"mode":"general","control":"text","class":"sysstring","maxlength":"50"},"list":{"dataPriority":2,"disabled":false,"readonly":true,"display":true,"mode":"table","control":"text","class":"sysstring","maxlength":"50"},"edit":{"disabled":false,"readonly":false,"display":"true","mode":"general","control":"textbox","class":"sysstring","maxlength":"50"},"new":{"disabled":false,"readonly":false,"display":true,"mode":"general","control":"textbox","class":"sysstring","maxlength":"50"}}},"created_id":{"type":"foreign","label":"Created_id","stereotype":"primitive","display":"true","validation":"string","renderAs":{"detail":{"disabled":true,"readonly":false,"display":false,"mode":"general","control":"textbox"},"list":{"dataPriority":2,"disabled":false,"readonly":false,"display":false,"mode":"table","control":"text"},"edit":{"disabled":false,"readonly":false,"display":false,"mode":"general","control":"textbox"},"new":{"disabled":false,"readonly":false,"display":false,"mode":"general","control":"textbox"}}},"modified_id":{"type":"foreign","label":"Modified_id","stereotype":"primitive","display":"true","validation":"string","renderAs":{"detail":{"disabled":true,"readonly":false,"display":false,"mode":"general","control":"textbox"},"list":{"dataPriority":2,"disabled":false,"readonly":false,"display":false,"mode":"table","control":"text"},"edit":{"disabled":false,"readonly":false,"display":false,"mode":"general","control":"textbox"},"new":{"disabled":false,"readonly":false,"display":false,"mode":"general","control":"textbox"}}},"owner_id":{"type":"foreign","label":"Owner_id","stereotype":"primitive","display":"true","validation":"string","renderAs":{"detail":{"disabled":true,"readonly":false,"display":false,"mode":"general","control":"textbox"},"list":{"dataPriority":2,"disabled":false,"readonly":false,"display":false,"mode":"table","control":"text"},"edit":{"disabled":false,"readonly":false,"display":false,"mode":"general","control":"textbox"},"new":{"disabled":false,"readonly":false,"display":false,"mode":"general","control":"textbox"}}},"Titel":{"type":"string","label":"Titel","stereotype":"primitive","display":"true","validation":"string","renderAs":{"detail":{"disabled":true,"readonly":true,"display":true,"mode":"general","control":"text","class":"sysstring","maxlength":"50"},"list":{"dataPriority":2,"disabled":false,"readonly":true,"display":true,"mode":"table","control":"text","class":"sysstring","maxlength":"50"},"edit":{"disabled":false,"readonly":false,"display":true,"mode":"general","control":"textbox","class":"sysstring","maxlength":"50"},"new":{"disabled":false,"readonly":false,"display":true,"mode":"general","control":"textbox","class":"sysstring","maxlength":"50"}}},"Kategorie":{"type":"KategorieT","stereotype":"enumeration","classAlias":"KategorieT0","label":"Kategorie","renderAs":{"detail":{"control":"text","class":"sysstring","disabled":"1","length":"50","options":{"key":"id","literal":"literal","default":"Kategorie","data":"Kategorie"}},"edit":{"options":{"key":"id","literal":"literal","default":"Kategorie","data":"Kategorie"},"control":"menu","class":"sysstring","length":"50"},"list":{"dataPriority":"2","options":{"key":"id","literal":"literal","default":"Kategorie","data":"Kategorie"},"control":"text","class":"sysstring","length":"50"},"new":{"control":"menu","options":{"key":"id","literal":"literal","default":"Kategorie","data":"Kategorie"},"class":"sysstring","length":"50"}}},"Beschreibung":{"type":"string","label":"Beschreibung","stereotype":"primitive","display":"true","validation":"string","renderAs":{"detail":{"disabled":true,"readonly":true,"display":true,"mode":"general","control":"text","class":"sysstring","maxlength":"50"},"list":{"dataPriority":2,"disabled":false,"readonly":true,"display":true,"mode":"table","control":"text","class":"sysstring","maxlength":"50"},"edit":{"disabled":false,"readonly":false,"display":true,"mode":"general","control":"textbox","class":"sysstring","maxlength":"50"},"new":{"disabled":false,"readonly":false,"display":true,"mode":"general","control":"textbox","class":"sysstring","maxlength":"50"}}},"Startzeit":{"type":"time","label":"Startzeit","stereotype":"primitive","display":"true","validation":"string","renderAs":{"detail":{"disabled":true,"readonly":true,"display":true,"mode":"general","control":"text","class":"sysdate"},"list":{"dataPriority":2,"disabled":false,"readonly":true,"display":true,"mode":"table","control":"text","class":"sysdate"},"edit":{"disabled":false,"readonly":false,"display":true,"mode":"general","control":"time","class":"sysdate"},"new":{"disabled":false,"readonly":false,"display":true,"mode":"general","control":"time","class":"sysdate"}},"textformat":"d.m.Y"},"Streckenlaenge":{"type":"float","label":"Streckenlaenge","stereotype":"primitive","display":"true","validation":"float","renderAs":{"detail":{"disabled":true,"readonly":true,"display":true,"mode":"general","control":"text","class":"sysfloat"},"list":{"dataPriority":2,"disabled":false,"readonly":true,"display":true,"mode":"table","control":"text","class":"sysfloat"},"edit":{"disabled":false,"readonly":false,"display":true,"mode":"general","control":"textbox","class":"sysfloat"},"new":{"disabled":false,"readonly":false,"display":true,"mode":"general","control":"textbox","class":"sysfloat"}}},"Preis":{"type":"string","label":"Preis","stereotype":"primitive","display":"true","validation":"string","renderAs":{"detail":{"disabled":true,"readonly":true,"display":true,"mode":"general","control":"text","class":"sysstring","maxlength":"50"},"list":{"dataPriority":2,"disabled":false,"readonly":true,"display":true,"mode":"table","control":"text","class":"sysstring","maxlength":"50"},"edit":{"disabled":false,"readonly":false,"display":true,"mode":"general","control":"textbox","class":"sysstring","maxlength":"50"},"new":{"disabled":false,"readonly":false,"display":true,"mode":"general","control":"textbox","class":"sysstring","maxlength":"50"}}},"Streckenplan":{"type":"fileT","stereotype":"structure","group":"true","label":"Streckenplan"},"Streckeprofil":{"type":"fileT","stereotype":"structure","group":"true","label":"Streckeprofil"},"_Laufevent":{"type":"foreign","stereotype":"relation","class":"Laufevent","classAlias":"Laufevent","renderAs":{"edit":{"required":"true","control":"menu","disabled":"","readonly":"","display":"1","class":"sysstring","identifier":"","length":"50"},"new":{"required":"true","control":"menu","disabled":"","readonly":"","display":"1","identifier":"","class":"menu80","length":"50"},"detail":{"control":"text","disabled":"1","readonly":"","display":"1","class":"sysstring","identifier":"","length":"50"},"list":{"control":"text","disabled":"","readonly":"","display":"1","dataPriority":"2","class":"sysstring","identifier":"","length":"50"}},"join":"INNER","display":"true","validation":"string","default":"{auto}","defaults":{"G1":"{auto}"},"label":"->Laufevent"},"Kategorie_literal":{"type":"string","label":"@attribute","stereotype":"primitive","display":"true","validation":"string","renderAs":{"detail":{"disabled":true,"readonly":true,"display":true,"mode":"general","control":"text","class":"sysstring","maxlength":"50"},"list":{"dataPriority":2,"disabled":false,"readonly":true,"display":true,"mode":"table","control":"text","class":"sysstring","maxlength":"50"},"edit":{"disabled":false,"readonly":false,"display":true,"mode":"general","control":"textbox","class":"sysstring","maxlength":"50"},"new":{"disabled":false,"readonly":false,"display":true,"mode":"general","control":"textbox","class":"sysstring","maxlength":"50"}}},"Streckenplan_upload":{"type":"file","label":"Upload","stereotype":"primitive","display":"true","validation":"string","renderAs":{"detail":{"disabled":"false","readonly":"1","display":"false","mode":"general","control":"fileupload"},"list":{"dataPriority":"2","disabled":"false","readonly":"","display":"false","mode":"table","control":"fileupload"},"edit":{"disabled":"false","readonly":"","display":"true","mode":"general","control":"fileupload"},"new":{"disabled":"false","readonly":"","display":"true","mode":"general","control":"fileupload"}},"ignoreDB":"1","groupIn":"true","sysParent":"Streckenplan"},"Streckenplan_path":{"type":"string","label":"Streckenplan","stereotype":"primitive","display":"true","validation":"string","renderAs":{"detail":{"disabled":"1","readonly":"1","display":"true","mode":"general","control":"link","class":"sysstring","maxlength":"50"},"list":{"dataPriority":"2","disabled":"","readonly":"1","display":"true","mode":"table","control":"link","class":"sysstring","maxlength":"50"},"edit":{"disabled":"","readonly":"","display":"true","mode":"general","control":"link","class":"sysstring","maxlength":"50"},"new":{"disabled":"","readonly":"","display":"false","mode":"general","control":"none","class":"sysstring","maxlength":"50"}},"sysParent":"Streckenplan"},"Streckenplan_title":{"type":"string","label":"Titel","stereotype":"primitive","display":"true","validation":"string","renderAs":{"detail":{"disabled":"1","readonly":"1","display":"false","mode":"general","control":"text","class":"sysstring","maxlength":"50"},"list":{"dataPriority":"2","disabled":"","readonly":"1","display":"false","mode":"table","control":"text","class":"sysstring","maxlength":"50"},"edit":{"disabled":"","readonly":"","display":"false","mode":"general","control":"textbox","class":"sysstring","maxlength":"50"},"new":{"disabled":"","readonly":"","display":"true","mode":"general","control":"textbox","class":"sysstring","maxlength":"50"}},"groupOut":"true","sysParent":"Streckenplan"},"Streckeprofil_upload":{"type":"file","label":"Upload","stereotype":"primitive","display":"true","validation":"string","renderAs":{"detail":{"disabled":"false","readonly":"1","display":"false","mode":"general","control":"fileupload"},"list":{"dataPriority":"2","disabled":"false","readonly":"","display":"false","mode":"table","control":"fileupload"},"edit":{"disabled":"false","readonly":"","display":"true","mode":"general","control":"fileupload"},"new":{"disabled":"false","readonly":"","display":"true","mode":"general","control":"fileupload"}},"ignoreDB":"1","groupIn":"true","sysParent":"Streckeprofil"},"Streckeprofil_path":{"type":"string","label":"Streckeprofil","stereotype":"primitive","display":"true","validation":"string","renderAs":{"detail":{"disabled":"1","readonly":"1","display":"true","mode":"general","control":"link","class":"sysstring","maxlength":"50"},"list":{"dataPriority":"2","disabled":"","readonly":"1","display":"true","mode":"table","control":"link","class":"sysstring","maxlength":"50"},"edit":{"disabled":"","readonly":"","display":"true","mode":"general","control":"link","class":"sysstring","maxlength":"50"},"new":{"disabled":"","readonly":"","display":"false","mode":"general","control":"none","class":"sysstring","maxlength":"50"}},"sysParent":"Streckeprofil"},"Streckeprofil_title":{"type":"string","label":"Titel","stereotype":"primitive","display":"true","validation":"string","renderAs":{"detail":{"disabled":"1","readonly":"1","display":"false","mode":"general","control":"text","class":"sysstring","maxlength":"50"},"list":{"dataPriority":"2","disabled":"","readonly":"1","display":"false","mode":"table","control":"text","class":"sysstring","maxlength":"50"},"edit":{"disabled":"","readonly":"","display":"false","mode":"general","control":"textbox","class":"sysstring","maxlength":"50"},"new":{"disabled":"","readonly":"","display":"true","mode":"general","control":"textbox","class":"sysstring","maxlength":"50"}},"groupOut":"true","sysParent":"Streckeprofil"},"_Laufevent_identifier":{"type":"string","label":"->Laufevent","stereotype":"primitive","display":"true","validation":"string","renderAs":{"detail":{"disabled":"1","readonly":"1","display":"1","mode":"general","control":"text","class":"sysstring","maxlength":"50"},"list":{"dataPriority":"2","disabled":"","readonly":"1","display":"1","mode":"table","control":"text","class":"sysstring","maxlength":"50"},"edit":{"disabled":"","readonly":"","display":"1","mode":"general","control":"textbox","class":"sysstring","maxlength":"50"},"new":{"disabled":"","readonly":"","display":"1","mode":"general","control":"textbox","class":"sysstring","maxlength":"50"}}}}