{"id":{"type":"primary","stereotype":"primitive","renderAs":{"detail":{"control":"textbox","display":false},"list":{"control":"text","display":false},"edit":{"control":"hidden","display":true},"new":{"control":"textbox","display":false}}},"c_ts":{"type":"timestamp","label":"erstellt","stereotype":"primitive","display":"true","validation":"string","renderAs":{"detail":{"disabled":true,"readonly":true,"display":"true","mode":"general","control":"text","class":"sysDate"},"list":{"dataPriority":1,"disabled":true,"readonly":true,"display":"","mode":"table","control":"text","class":"sysDate"},"edit":{"disabled":true,"readonly":true,"display":"false","mode":"general","control":"textbox","class":"sysDate"},"new":{"disabled":true,"readonly":true,"display":"false","mode":"general","control":"textbox","class":"sysDate"}},"textformat":"d.m.Y H:i:s","format":"d.m.Y H:i:s"},"m_ts":{"type":"timestamp","label":"geändert","stereotype":"primitive","display":"true","validation":"string","renderAs":{"detail":{"disabled":"true","readonly":true,"display":"","mode":"general","control":"text","class":"sysDate"},"list":{"dataPriority":1,"disabled":true,"readonly":true,"display":"","mode":"table","control":"text","class":"sysDate"},"edit":{"disabled":true,"readonly":true,"display":"false","mode":"general","control":"textbox","class":"sysDate"},"new":{"disabled":true,"readonly":true,"display":false,"mode":"general","control":"textbox","class":"sysDate"}},"textformat":"d.m.Y H:i:s","format":"d.m.Y H:i:s"},"identifier":{"type":"string","label":"@class","stereotype":"primitive","display":"true","validation":"string","renderAs":{"detail":{"disabled":true,"readonly":true,"display":true,"mode":"general","control":"text","class":"sysstring","maxlength":"50"},"list":{"dataPriority":2,"disabled":false,"readonly":true,"display":true,"mode":"table","control":"text","class":"sysstring","maxlength":"50"},"edit":{"disabled":false,"readonly":false,"display":"true","mode":"general","control":"textbox","class":"sysstring","maxlength":"50"},"new":{"disabled":false,"readonly":false,"display":true,"mode":"general","control":"textbox","class":"sysstring","maxlength":"50"}}},"created_id":{"type":"foreign","label":"Created_id","stereotype":"primitive","display":"true","validation":"string","renderAs":{"detail":{"disabled":true,"readonly":false,"display":false,"mode":"general","control":"textbox"},"list":{"dataPriority":2,"disabled":false,"readonly":false,"display":false,"mode":"table","control":"text"},"edit":{"disabled":false,"readonly":false,"display":false,"mode":"general","control":"textbox"},"new":{"disabled":false,"readonly":false,"display":false,"mode":"general","control":"textbox"}}},"modified_id":{"type":"foreign","label":"Modified_id","stereotype":"primitive","display":"true","validation":"string","renderAs":{"detail":{"disabled":true,"readonly":false,"display":false,"mode":"general","control":"textbox"},"list":{"dataPriority":2,"disabled":false,"readonly":false,"display":false,"mode":"table","control":"text"},"edit":{"disabled":false,"readonly":false,"display":false,"mode":"general","control":"textbox"},"new":{"disabled":false,"readonly":false,"display":false,"mode":"general","control":"textbox"}}},"owner_id":{"type":"foreign","label":"Owner_id","stereotype":"primitive","display":"true","validation":"string","renderAs":{"detail":{"disabled":true,"readonly":false,"display":false,"mode":"general","control":"textbox"},"list":{"dataPriority":2,"disabled":false,"readonly":false,"display":false,"mode":"table","control":"text"},"edit":{"disabled":false,"readonly":false,"display":false,"mode":"general","control":"textbox"},"new":{"disabled":false,"readonly":false,"display":false,"mode":"general","control":"textbox"}}},"Titel":{"type":"string","label":"Titel","stereotype":"primitive","display":"true","validation":"string","renderAs":{"detail":{"disabled":true,"readonly":true,"display":true,"mode":"general","control":"text","class":"sysstring","maxlength":"50"},"list":{"dataPriority":2,"disabled":false,"readonly":true,"display":true,"mode":"table","control":"text","class":"sysstring","maxlength":"50"},"edit":{"disabled":false,"readonly":false,"display":true,"mode":"general","control":"textbox","class":"sysstring","maxlength":"50"},"new":{"disabled":false,"readonly":false,"display":true,"mode":"general","control":"textbox","class":"sysstring","maxlength":"50"}}},"Beschreibung":{"type":"string","label":"Beschreibung","stereotype":"primitive","display":"true","validation":"string","renderAs":{"detail":{"disabled":true,"readonly":true,"display":true,"mode":"general","control":"text","class":"sysstring","maxlength":"50"},"list":{"dataPriority":2,"disabled":false,"readonly":true,"display":true,"mode":"table","control":"text","class":"sysstring","maxlength":"50"},"edit":{"disabled":false,"readonly":false,"display":true,"mode":"general","control":"textbox","class":"sysstring","maxlength":"50"},"new":{"disabled":false,"readonly":false,"display":true,"mode":"general","control":"textbox","class":"sysstring","maxlength":"50"}}},"Datum":{"type":"date","label":"Datum","stereotype":"primitive","display":"true","validation":"string","renderAs":{"detail":{"disabled":true,"readonly":true,"display":true,"mode":"general","control":"text","class":"sysdate"},"list":{"dataPriority":2,"disabled":false,"readonly":true,"display":true,"mode":"table","control":"text","class":"sysdate"},"edit":{"disabled":false,"readonly":false,"display":true,"mode":"general","control":"datefield","class":"sysdate"},"new":{"disabled":false,"readonly":false,"display":true,"mode":"general","control":"datefield","class":"sysdate"}},"textformat":"d.m.Y"},"Ameldefrist":{"type":"date","label":"Ameldefrist","stereotype":"primitive","display":"true","validation":"string","renderAs":{"detail":{"disabled":true,"readonly":true,"display":true,"mode":"general","control":"text","class":"sysdate"},"list":{"dataPriority":2,"disabled":false,"readonly":true,"display":true,"mode":"table","control":"text","class":"sysdate"},"edit":{"disabled":false,"readonly":false,"display":true,"mode":"general","control":"datefield","class":"sysdate"},"new":{"disabled":false,"readonly":false,"display":true,"mode":"general","control":"datefield","class":"sysdate"}},"textformat":"d.m.Y"},"Anmeldegebuehr":{"type":"currency","label":"Anmeldegebuehr","stereotype":"primitive","display":"true","validation":"currency","renderAs":{"detail":{"disabled":true,"readonly":true,"display":true,"mode":"general","control":"text","class":"sysfloat","format":"currency"},"list":{"dataPriority":2,"disabled":false,"readonly":true,"display":true,"mode":"table","class":"sysfloat","format":"currency","control":"text"},"edit":{"disabled":false,"readonly":false,"display":true,"mode":"general","control":"currencyfield","class":"sysfloat","format":"currency"},"new":{"disabled":false,"readonly":false,"display":true,"mode":"general","control":"currencyfield","class":"sysfloat","format":"currency"}},"textformat":"currency"},"Ort":{"type":"OrtsangabeT","stereotype":"structure","group":"true","label":"Ort"},"Koordinaten":{"type":"KoordinatenT","stereotype":"structure","group":"true","label":"Koordinaten"},"Ausschreibung":{"type":"fileT","stereotype":"structure","group":"true","label":"Ausschreibung"},"_Veranstalter":{"type":"foreign","stereotype":"relation","class":"Veranstalter","classAlias":"Veranstalter","renderAs":{"edit":{"required":"true","control":"menu","disabled":"","readonly":"","display":"1","class":"sysstring","identifier":"","length":"50"},"new":{"required":"true","control":"menu","disabled":"","readonly":"","display":"1","identifier":"","class":"menu80","length":"50"},"detail":{"control":"text","disabled":"1","readonly":"","display":"1","class":"sysstring","identifier":"","length":"50"},"list":{"control":"text","disabled":"","readonly":"","display":"1","dataPriority":"2","class":"sysstring","identifier":"","length":"50"}},"join":"INNER","display":"true","validation":"string","default":"{auto}","defaults":{"G1":"{auto}"},"label":"->Veranstalter"},"Ort_PLZ":{"type":"string","label":"PLZ","stereotype":"primitive","display":"true","validation":"string","renderAs":{"detail":{"disabled":"1","readonly":"1","display":"1","mode":"general","control":"text","class":"sysstring","maxlength":"50"},"list":{"dataPriority":"2","disabled":"","readonly":"1","display":"1","mode":"table","control":"text","class":"sysstring","maxlength":"50"},"edit":{"disabled":"","readonly":"","display":"1","mode":"general","control":"textbox","class":"sysstring","maxlength":"50"},"new":{"disabled":"","readonly":"","display":"1","mode":"general","control":"textbox","class":"sysstring","maxlength":"50"}},"sysParent":"Ort"},"Ort_Ort":{"type":"string","label":"Ort","stereotype":"primitive","display":"true","validation":"string","renderAs":{"detail":{"disabled":"1","readonly":"1","display":"1","mode":"general","control":"text","class":"sysstring","maxlength":"50"},"list":{"dataPriority":"2","disabled":"","readonly":"1","display":"1","mode":"table","control":"text","class":"sysstring","maxlength":"50"},"edit":{"disabled":"","readonly":"","display":"1","mode":"general","control":"textbox","class":"sysstring","maxlength":"50"},"new":{"disabled":"","readonly":"","display":"1","mode":"general","control":"textbox","class":"sysstring","maxlength":"50"}},"sysParent":"Ort"},"Ort_Strasse":{"type":"string","label":"Strasse","stereotype":"primitive","display":"true","validation":"string","renderAs":{"detail":{"disabled":"1","readonly":"1","display":"1","mode":"general","control":"text","class":"sysstring","maxlength":"50"},"list":{"dataPriority":"2","disabled":"","readonly":"1","display":"1","mode":"table","control":"text","class":"sysstring","maxlength":"50"},"edit":{"disabled":"","readonly":"","display":"1","mode":"general","control":"textbox","class":"sysstring","maxlength":"50"},"new":{"disabled":"","readonly":"","display":"1","mode":"general","control":"textbox","class":"sysstring","maxlength":"50"}},"sysParent":"Ort"},"Koordinaten_Laengengrad":{"type":"float","label":"Laengengrad","stereotype":"primitive","display":"true","validation":"float","renderAs":{"detail":{"disabled":"1","readonly":"1","display":"1","mode":"general","control":"text","class":"sysfloat"},"list":{"dataPriority":"2","disabled":"","readonly":"1","display":"1","mode":"table","control":"text","class":"sysfloat"},"edit":{"disabled":"","readonly":"","display":"1","mode":"general","control":"textbox","class":"sysfloat"},"new":{"disabled":"","readonly":"","display":"1","mode":"general","control":"textbox","class":"sysfloat"}},"sysParent":"Koordinaten"},"Koordinaten_Breitengrad":{"type":"float","label":"Breitengrad","stereotype":"primitive","display":"true","validation":"float","renderAs":{"detail":{"disabled":"1","readonly":"1","display":"1","mode":"general","control":"text","class":"sysfloat"},"list":{"dataPriority":"2","disabled":"","readonly":"1","display":"1","mode":"table","control":"text","class":"sysfloat"},"edit":{"disabled":"","readonly":"","display":"1","mode":"general","control":"textbox","class":"sysfloat"},"new":{"disabled":"","readonly":"","display":"1","mode":"general","control":"textbox","class":"sysfloat"}},"sysParent":"Koordinaten"},"Ausschreibung_upload":{"type":"file","label":"Upload","stereotype":"primitive","display":"true","validation":"string","renderAs":{"detail":{"disabled":"false","readonly":"1","display":"false","mode":"general","control":"fileupload"},"list":{"dataPriority":"2","disabled":"false","readonly":"","display":"false","mode":"table","control":"fileupload"},"edit":{"disabled":"false","readonly":"","display":"true","mode":"general","control":"fileupload"},"new":{"disabled":"false","readonly":"","display":"true","mode":"general","control":"fileupload"}},"ignoreDB":"1","groupIn":"true","sysParent":"Ausschreibung"},"Ausschreibung_path":{"type":"string","label":"Ausschreibung","stereotype":"primitive","display":"true","validation":"string","renderAs":{"detail":{"disabled":"1","readonly":"1","display":"true","mode":"general","control":"link","class":"sysstring","maxlength":"50"},"list":{"dataPriority":"2","disabled":"","readonly":"1","display":"true","mode":"table","control":"link","class":"sysstring","maxlength":"50"},"edit":{"disabled":"","readonly":"","display":"true","mode":"general","control":"link","class":"sysstring","maxlength":"50"},"new":{"disabled":"","readonly":"","display":"false","mode":"general","control":"none","class":"sysstring","maxlength":"50"}},"sysParent":"Ausschreibung"},"Ausschreibung_title":{"type":"string","label":"Titel","stereotype":"primitive","display":"true","validation":"string","renderAs":{"detail":{"disabled":"1","readonly":"1","display":"false","mode":"general","control":"text","class":"sysstring","maxlength":"50"},"list":{"dataPriority":"2","disabled":"","readonly":"1","display":"false","mode":"table","control":"text","class":"sysstring","maxlength":"50"},"edit":{"disabled":"","readonly":"","display":"false","mode":"general","control":"textbox","class":"sysstring","maxlength":"50"},"new":{"disabled":"","readonly":"","display":"true","mode":"general","control":"textbox","class":"sysstring","maxlength":"50"}},"groupOut":"true","sysParent":"Ausschreibung"},"_Veranstalter_identifier":{"type":"string","label":"->Veranstalter","stereotype":"primitive","display":"true","validation":"string","renderAs":{"detail":{"disabled":"1","readonly":"1","display":"1","mode":"general","control":"text","class":"sysstring","maxlength":"50"},"list":{"dataPriority":"2","disabled":"","readonly":"1","display":"1","mode":"table","control":"text","class":"sysstring","maxlength":"50"},"edit":{"disabled":"","readonly":"","display":"1","mode":"general","control":"textbox","class":"sysstring","maxlength":"50"},"new":{"disabled":"","readonly":"","display":"1","mode":"general","control":"textbox","class":"sysstring","maxlength":"50"}}}}