{
"Titel":{"type":"string","stereotype":"primitive","label":"Titel"},
"Beschreibung":{"type":"string","stereotype":"primitive","label":"Beschreibung"},
"Datum":{"type":"date","stereotype":"primitive","label":"Datum"},
"Ameldefrist":{"type":"date","stereotype":"primitive","label":"Ameldefrist"},
"Anmeldegebuehr":{"type":"currency","stereotype":"primitive","label":"Anmeldegebuehr"},
"Ort":{"type":"OrtsangabeT","stereotype":"structure","group":"true","label":"OrtsangabeT"},
"Koordinaten":{"type":"KoordinatenT","stereotype":"structure","group":"true","label":"KoordinatenT"},
"Ausschreibung":{"type":"fileT","stereotype":"structure","group":"true","label":"fileT"},
"_Veranstalter":{"type":"foreign","stereotype":"relation","class":"Veranstalter","classAlias":"Veranstalter","renderAs": {"edit": {"required": "true"},"new": {"required": "true"}}, "join": "INNER"}
}
