{"id":{"type":"primary","stereotype":"primitive","renderAs":{"detail":{"control":"textbox","display":false},"list":{"control":"text","display":false},"edit":{"control":"hidden","display":true},"new":{"control":"textbox","display":false}}},"c_ts":{"type":"timestamp","label":"erstellt","stereotype":"primitive","display":"true","validation":"string","renderAs":{"detail":{"disabled":true,"readonly":true,"display":"true","mode":"general","control":"text","class":"sysDate"},"list":{"dataPriority":1,"disabled":true,"readonly":true,"display":"","mode":"table","control":"text","class":"sysDate"},"edit":{"disabled":true,"readonly":true,"display":"false","mode":"general","control":"textbox","class":"sysDate"},"new":{"disabled":true,"readonly":true,"display":"false","mode":"general","control":"textbox","class":"sysDate"}},"textformat":"d.m.Y H:i:s","format":"d.m.Y H:i:s"},"m_ts":{"type":"timestamp","label":"geändert","stereotype":"primitive","display":"true","validation":"string","renderAs":{"detail":{"disabled":"true","readonly":true,"display":"","mode":"general","control":"text","class":"sysDate"},"list":{"dataPriority":1,"disabled":true,"readonly":true,"display":"","mode":"table","control":"text","class":"sysDate"},"edit":{"disabled":true,"readonly":true,"display":"false","mode":"general","control":"textbox","class":"sysDate"},"new":{"disabled":true,"readonly":true,"display":false,"mode":"general","control":"textbox","class":"sysDate"}},"textformat":"d.m.Y H:i:s","format":"d.m.Y H:i:s"},"identifier":{"type":"string","label":"@class","stereotype":"primitive","display":"true","validation":"string","renderAs":{"detail":{"disabled":true,"readonly":true,"display":true,"mode":"general","control":"text","class":"sysstring","maxlength":"50"},"list":{"dataPriority":2,"disabled":false,"readonly":true,"display":true,"mode":"table","control":"text","class":"sysstring","maxlength":"50"},"edit":{"disabled":false,"readonly":false,"display":"true","mode":"general","control":"textbox","class":"sysstring","maxlength":"50"},"new":{"disabled":false,"readonly":false,"display":true,"mode":"general","control":"textbox","class":"sysstring","maxlength":"50"}}},"Passwort":{"type":"string","label":"Passwort","stereotype":"primitive","display":"true","validation":"string","renderAs":{"detail":{"disabled":"true","readonly":"false","display":"true","mode":"general","control":"textbox","class":"sysstring","maxlength":"12","minlength":"4","datarole":"","placeholder":""},"list":{"dataPriority":2,"disabled":"true","readonly":"false","display":"true","mode":"table","control":"general","class":"sysstring","maxlength":"12","datarole":"","placeholder":""},"edit":{"disabled":"true","readonly":"false","display":"true","mode":"general","control":"password","class":"sysstring","maxlength":"12","datarole":"","placeholder":"Passwort"},"new":{"disabled":"false","readonly":"false","display":"true","mode":"general","control":"password","class":"userforminput","maxlength":"12","minlength":"4","datarole":"none","placeholder":"Passwort"},"login":{"disabled":"false","readonly":"false","display":"true","control":"password","minlength":"4","datarole":"none","placeholder":"Passwort","maxlength":"12","class":"userforminput"}}},"Gruppe":{"type":"GruppeT","stereotype":"enumeration","classAlias":"GruppeT0","label":"Gruppe","renderAs":{"detail":{"display":"false","class":"","datarole":"","control":"menu","disabled":"1","length":"50","options":{"key":"id","literal":"literal","default":"Gruppe","data":"Gruppe"}},"edit":{"class":"","datarole":"","control":"menu","display":"false","options":{"key":"id","literal":"literal","default":"Gruppe","data":"Gruppe"},"length":"50"},"list":{"display":"false","class":"","datarole":"","control":"menu","dataPriority":"2","options":{"key":"id","literal":"literal","default":"Gruppe","data":"Gruppe"},"length":"50"},"new":{"display":"true","class":"userforminput","datarole":"none","control":"menu","options":{"key":"id","literal":"literal","default":"Gruppe","data":"Gruppe"},"length":"50"}}},"Kennung":{"type":"string","label":"Kennung","stereotype":"primitive","display":"true","validation":"string","renderAs":{"detail":{"disabled":true,"readonly":true,"display":true,"mode":"general","control":"text","class":"sysstring","maxlength":"50"},"list":{"dataPriority":2,"disabled":false,"readonly":true,"display":true,"mode":"table","control":"text","class":"sysstring","maxlength":"50"},"edit":{"disabled":false,"readonly":false,"display":"true","mode":"general","control":"text","class":"","maxlength":"50","minlength":"4","datarole":"","placeholder":""},"new":{"disabled":false,"readonly":false,"display":"true","mode":"general","control":"textbox","class":"userforminput","maxlength":"50","required":"true","datarole":"none","placeholder":"Kennung","minlength":"4"},"login":{"display":"true","control":"textbox","maxlength":"50","datarole":"none","placeholder":"Kennung","class":"userforminput"}}},"roleid":{"type":"foreign","label":"Gruppe","stereotype":"primitive","display":"true","validation":"string","renderAs":{"detail":{"disabled":false,"readonly":false,"display":"false","mode":"general","control":"text"},"list":{"dataPriority":2,"disabled":false,"readonly":false,"display":"false","mode":"table","control":"text"},"edit":{"disabled":false,"readonly":false,"display":"false","mode":"general","control":"textbox"},"new":{"disabled":false,"readonly":false,"display":"false","mode":"general","control":"textbox"}}},"Gruppe_literal":{"type":"string","label":"@attribute","stereotype":"primitive","display":"true","validation":"string","renderAs":{"detail":{"disabled":true,"readonly":true,"display":true,"mode":"general","control":"text","class":"sysstring","maxlength":"50"},"list":{"dataPriority":2,"disabled":false,"readonly":true,"display":true,"mode":"table","control":"text","class":"sysstring","maxlength":"50"},"edit":{"disabled":false,"readonly":false,"display":true,"mode":"general","control":"textbox","class":"sysstring","maxlength":"50"},"new":{"disabled":false,"readonly":false,"display":true,"mode":"general","control":"textbox","class":"sysstring","maxlength":"50"}}}}