{"id":{"type":"primary","stereotype":"primitive","renderAs":{"detail":{"control":"textbox","display":false},"list":{"control":"text","display":false},"edit":{"control":"hidden","display":true},"new":{"control":"textbox","display":false}}},"c_ts":{"type":"timestamp","label":"erstellt","stereotype":"primitive","display":"true","validation":"string","renderAs":{"detail":{"disabled":true,"readonly":true,"display":"true","mode":"general","control":"text","class":"sysDate"},"list":{"dataPriority":1,"disabled":true,"readonly":true,"display":"","mode":"table","control":"text","class":"sysDate"},"edit":{"disabled":true,"readonly":true,"display":"false","mode":"general","control":"textbox","class":"sysDate"},"new":{"disabled":true,"readonly":true,"display":"false","mode":"general","control":"textbox","class":"sysDate"}},"textformat":"d.m.Y H:i:s","format":"d.m.Y H:i:s"},"m_ts":{"type":"timestamp","label":"geändert","stereotype":"primitive","display":"true","validation":"string","renderAs":{"detail":{"disabled":"true","readonly":true,"display":"","mode":"general","control":"text","class":"sysDate"},"list":{"dataPriority":1,"disabled":true,"readonly":true,"display":"","mode":"table","control":"text","class":"sysDate"},"edit":{"disabled":true,"readonly":true,"display":"false","mode":"general","control":"textbox","class":"sysDate"},"new":{"disabled":true,"readonly":true,"display":false,"mode":"general","control":"textbox","class":"sysDate"}},"textformat":"d.m.Y H:i:s","format":"d.m.Y H:i:s"},"identifier":{"type":"string","label":"@class","stereotype":"primitive","display":"true","validation":"string","renderAs":{"detail":{"disabled":true,"readonly":true,"display":true,"mode":"general","control":"text","class":"sysstring","maxlength":"50"},"list":{"dataPriority":2,"disabled":false,"readonly":true,"display":true,"mode":"table","control":"text","class":"sysstring","maxlength":"50"},"edit":{"disabled":false,"readonly":false,"display":"true","mode":"general","control":"textbox","class":"sysstring","maxlength":"50"},"new":{"disabled":false,"readonly":false,"display":true,"mode":"general","control":"textbox","class":"sysstring","maxlength":"50"}}},"Verein":{"type":"string","label":"Verein","stereotype":"primitive","display":"true","validation":"string","renderAs":{"detail":{"disabled":true,"readonly":true,"display":true,"mode":"general","control":"text","class":"sysstring","maxlength":"50"},"list":{"dataPriority":2,"disabled":false,"readonly":true,"display":true,"mode":"table","control":"text","class":"sysstring","maxlength":"50"},"edit":{"disabled":false,"readonly":false,"display":true,"mode":"general","control":"textbox","class":"sysstring","maxlength":"50"},"new":{"disabled":false,"readonly":false,"display":true,"mode":"general","control":"textbox","class":"sysstring","maxlength":"50"}}},"Ansprechperson":{"type":"PersonT","stereotype":"structure","group":"true","label":"Ansprechperson"},"_User_uid":{"type":"foreign","stereotype":"relation","class":"User","classAlias":"User","renderAs":{"new":{"control":"hidden","disabled":"","readonly":"","display":"1","identifier":"","class":"menu80","length":"50"},"edit":{"control":"hidden","disabled":"","readonly":"","display":"1","class":"sysstring","identifier":"","length":"50"},"list":{"control":"hidden","disabled":"","readonly":"","display":"1","dataPriority":"2","class":"sysstring","identifier":"","length":"50"},"detail":{"control":"hidden","disabled":"1","readonly":"","display":"1","class":"sysstring","identifier":"","length":"50"}},"display":"true","validation":"string","join":"LEFT","default":"{auto}","defaults":{"G1":"{auto}"},"label":"->User_uid"},"Ansprechperson_Vorname":{"type":"string","label":"Vorname","stereotype":"primitive","display":"true","validation":"string","renderAs":{"detail":{"disabled":"1","readonly":"1","display":"1","mode":"general","control":"text","class":"sysstring","maxlength":"50"},"list":{"dataPriority":"2","disabled":"","readonly":"1","display":"1","mode":"table","control":"text","class":"sysstring","maxlength":"50"},"edit":{"disabled":"","readonly":"","display":"1","mode":"general","control":"textbox","class":"sysstring","maxlength":"50"},"new":{"disabled":"","readonly":"","display":"1","mode":"general","control":"textbox","class":"sysstring","maxlength":"50"}},"sysParent":"Ansprechperson"},"Ansprechperson_Nachname":{"type":"string","label":"Nachname","stereotype":"primitive","display":"true","validation":"string","renderAs":{"detail":{"disabled":"1","readonly":"1","display":"1","mode":"general","control":"text","class":"sysstring","maxlength":"50"},"list":{"dataPriority":"2","disabled":"","readonly":"1","display":"1","mode":"table","control":"text","class":"sysstring","maxlength":"50"},"edit":{"disabled":"","readonly":"","display":"1","mode":"general","control":"textbox","class":"sysstring","maxlength":"50"},"new":{"disabled":"","readonly":"","display":"1","mode":"general","control":"textbox","class":"sysstring","maxlength":"50"}},"sysParent":"Ansprechperson"},"Ansprechperson_Telefonnummer":{"type":"string","label":"Telefonnummer","stereotype":"primitive","display":"true","validation":"string","renderAs":{"detail":{"disabled":"1","readonly":"1","display":"1","mode":"general","control":"text","class":"sysstring","maxlength":"50"},"list":{"dataPriority":"2","disabled":"","readonly":"1","display":"1","mode":"table","control":"text","class":"sysstring","maxlength":"50"},"edit":{"disabled":"","readonly":"","display":"1","mode":"general","control":"textbox","class":"sysstring","maxlength":"50"},"new":{"disabled":"","readonly":"","display":"1","mode":"general","control":"textbox","class":"sysstring","maxlength":"50"}},"sysParent":"Ansprechperson"},"Ansprechperson_Email":{"type":"string","label":"Email","stereotype":"primitive","display":"true","validation":"string","renderAs":{"detail":{"disabled":"1","readonly":"1","display":"1","mode":"general","control":"text","class":"sysstring","maxlength":"50"},"list":{"dataPriority":"2","disabled":"","readonly":"1","display":"1","mode":"table","control":"text","class":"sysstring","maxlength":"50"},"edit":{"disabled":"","readonly":"","display":"1","mode":"general","control":"textbox","class":"sysstring","maxlength":"50"},"new":{"disabled":"","readonly":"","display":"1","mode":"general","control":"textbox","class":"sysstring","maxlength":"50"}},"sysParent":"Ansprechperson"},"_User_uid_identifier":{"type":"string","label":"->User_uid","stereotype":"primitive","display":"true","validation":"string","renderAs":{"detail":{"disabled":"1","readonly":"1","display":"1","mode":"general","control":"text","class":"sysstring","maxlength":"50"},"list":{"dataPriority":"2","disabled":"","readonly":"1","display":"1","mode":"table","control":"text","class":"sysstring","maxlength":"50"},"edit":{"disabled":"","readonly":"","display":"1","mode":"general","control":"textbox","class":"sysstring","maxlength":"50"},"new":{"disabled":"","readonly":"","display":"1","mode":"general","control":"textbox","class":"sysstring","maxlength":"50"}}}}