[{"id":"1","c_ts":"2023-05-15 16:46:54","m_ts":"2023-05-15 16:46:54","literal":"M30","sort":null},{"id":"2","c_ts":"2023-05-15 16:46:54","m_ts":"2023-05-15 16:46:54","literal":"M35","sort":null},{"id":"3","c_ts":"2023-05-15 16:46:54","m_ts":"2023-05-15 16:46:54","literal":"M40","sort":null},{"id":"4","c_ts":"2023-05-15 16:46:54","m_ts":"2023-05-15 16:46:54","literal":"M45","sort":null},{"id":"5","c_ts":"2023-05-15 16:46:54","m_ts":"2023-05-15 16:46:54","literal":"M50","sort":null},{"id":"6","c_ts":"2023-05-15 16:46:54","m_ts":"2023-05-15 16:46:54","literal":"M55","sort":null},{"id":"7","c_ts":"2023-05-15 16:46:54","m_ts":"2023-05-15 16:46:54","literal":"M60","sort":null},{"id":"8","c_ts":"2023-05-15 16:46:54","m_ts":"2023-05-15 16:46:54","literal":"M65","sort":null},{"id":"9","c_ts":"2023-05-15 16:46:54","m_ts":"2023-05-15 16:46:54","literal":"M70","sort":null},{"id":"10","c_ts":"2023-05-15 16:46:54","m_ts":"2023-05-15 16:46:54","literal":"M75","sort":null},{"id":"11","c_ts":"2023-05-15 16:46:54","m_ts":"2023-05-15 16:46:54","literal":"W30","sort":null},{"id":"12","c_ts":"2023-05-15 16:46:54","m_ts":"2023-05-15 16:46:54","literal":"W35","sort":null},{"id":"13","c_ts":"2023-05-15 16:46:54","m_ts":"2023-05-15 16:46:54","literal":"W40","sort":null},{"id":"14","c_ts":"2023-05-15 16:46:54","m_ts":"2023-05-15 16:46:54","literal":"W45","sort":null},{"id":"15","c_ts":"2023-05-15 16:46:54","m_ts":"2023-05-15 16:46:54","literal":"W50","sort":null},{"id":"16","c_ts":"2023-05-15 16:46:54","m_ts":"2023-05-15 16:46:54","literal":"W55","sort":null},{"id":"17","c_ts":"2023-05-15 16:46:54","m_ts":"2023-05-15 16:46:54","literal":"W60","sort":null},{"id":"18","c_ts":"2023-05-15 16:46:54","m_ts":"2023-05-15 16:46:54","literal":"W65","sort":null},{"id":"19","c_ts":"2023-05-15 16:46:54","m_ts":"2023-05-15 16:46:54","literal":"W70","sort":null},{"id":"20","c_ts":"2023-05-15 16:46:54","m_ts":"2023-05-15 16:46:54","literal":"W75","sort":null}]