[{"id":"1","c_ts":"2023-05-15 16:46:54","m_ts":"2023-05-15 16:46:54","literal":"Wettkampf","sort":null},{"id":"2","c_ts":"2023-05-15 16:46:54","m_ts":"2023-05-15 16:46:54","literal":"Stadtlauf","sort":null},{"id":"3","c_ts":"2023-05-15 16:46:54","m_ts":"2023-05-15 16:46:54","literal":"Ladschaftslauf","sort":null},{"id":"4","c_ts":"2023-05-15 16:46:54","m_ts":"2023-05-15 16:46:54","literal":"Staffellauf","sort":null},{"id":"5","c_ts":"2023-05-15 16:46:54","m_ts":"2023-05-15 16:46:54","literal":"Kinderlauf","sort":null},{"id":"6","c_ts":"2023-05-15 16:46:54","m_ts":"2023-05-15 16:46:54","literal":"Spendenlauf","sort":null},{"id":"7","c_ts":"2023-05-15 16:46:54","m_ts":"2023-05-15 16:46:54","literal":"Nachtlauf","sort":null}]