[{"id":"1","c_ts":"2023-05-15 16:46:53","m_ts":"2023-05-15 16:46:53","month":"Januar","visits":"0"},{"id":"2","c_ts":"2023-05-15 16:46:53","m_ts":"2023-05-15 16:46:53","month":"Februar","visits":"0"},{"id":"3","c_ts":"2023-05-15 16:46:53","m_ts":"2023-05-15 16:46:53","month":"März","visits":"0"},{"id":"4","c_ts":"2023-05-15 16:46:53","m_ts":"2023-05-15 16:46:53","month":"April","visits":"0"},{"id":"5","c_ts":"2023-05-15 16:46:53","m_ts":"2023-05-15 16:46:53","month":"Mai","visits":"0"},{"id":"6","c_ts":"2023-05-15 16:46:53","m_ts":"2023-05-15 16:46:53","month":"Juni","visits":"0"},{"id":"7","c_ts":"2023-05-15 16:46:53","m_ts":"2023-05-15 16:46:53","month":"Juli","visits":"0"},{"id":"8","c_ts":"2023-05-15 16:46:53","m_ts":"2023-05-15 16:46:53","month":"August","visits":"0"},{"id":"9","c_ts":"2023-05-15 16:46:53","m_ts":"2023-05-15 16:46:53","month":"September","visits":"0"},{"id":"10","c_ts":"2023-05-15 16:46:53","m_ts":"2023-05-15 16:46:53","month":"Oktober","visits":"0"},{"id":"11","c_ts":"2023-05-15 16:46:53","m_ts":"2023-05-15 16:46:53","month":"November","visits":"0"},{"id":"12","c_ts":"2023-05-15 16:46:53","m_ts":"2023-05-15 16:46:53","month":"Dezember","visits":"0"}]